longitude,latitude
29.919167,31.198056
31.334314,30.084629
31.334314,30.084629
31.334314,30.084629
34.167778,31.275278
33.617577,30.608472
31.334314,30.084629
29.919167,31.198056
29.919167,31.198056
31.334314,30.084629
32.271566,30.597448
31.334314,30.084629
31.334314,30.084629
31.334314,30.084629
31.334314,30.084629
31.334314,30.084629
31.334314,30.084629
31.334314,30.084629
31.334314,30.084629
31.179426,27.181122
31.334314,30.084629
31.185192,30.022924
31.334314,30.084629
29.919167,31.198056
31.334314,30.084629
31.334314,30.084629
31.334314,30.084629
31.334314,30.084629
31.334314,30.084629
31.334314,30.084629
31.334314,30.084629
31.334314,30.084629
31.334314,30.084629
31.334314,30.084629
31.334314,30.084629
31.334314,30.084629
31.334314,30.084629
31.334314,30.084629
31.7,26.55
31.334314,30.084629
31.334314,30.084629
31.334314,30.084629
31.334314,30.084629
31.334314,30.084629
30.76184,28.087097
30.838812,29.311707
30.838812,29.311707
31.334314,30.084629
31.334314,30.084629
31.501757,30.668561
31.334314,30.084629
31.334314,30.084629
31.334314,30.084629
31.334314,30.084629
31.179426,27.181122
30.838812,29.311707
30.865749,29.413616
32.727222,26.17
33.803768,27.205332
30.811893,27.557791
30.761836,28.086912
31.334314,30.084629
31.334314,30.084629
31.334314,30.084629
31.098855,29.073211
32.78763,26.050879
31.098855,29.073211
31.185192,30.022924
,
31.179426,27.181122
31.283333,27.1
30.811893,27.557791
31.814443,31.417539
31.334314,30.084629
31.334314,30.084629
30.838812,29.311707
,
32.727222,26.17
31.098497,29.074371
,
32.727222,26.17
31.334314,30.084629
30.811893,27.557791
30.811893,27.557791
31.125214,27.250379
31.182778,27.182778
31.334314,30.084629
31.7,26.55
31.179426,27.181122
31.179426,27.181122
31.179426,27.181122
31.179426,27.181122
31.179426,27.181122
31.179426,27.181122
31.179426,27.181122
31.179426,27.181122
31.179426,27.181122
31.179426,27.181122
31.179426,27.181122
31.179426,27.181122
31.179426,27.181122
31.179426,27.181122
30.811893,27.557791
30.811893,27.557791
30.811893,27.557791
32.717499,25.71468
30.811893,27.557791
31.334314,30.084629
30.811893,27.557791
32.717499,25.71468
30.811893,27.557791
31.815,31.419444
30.838812,29.311707
31.179426,27.181122
30.811893,27.557791
31.179426,27.181122
30.811893,27.557791
30.299167,31.305556
30.817812,27.440416
30.811893,27.557791
32.220007,26.05133
30.790278,27.35
31.106111,27.201389
31.125214,27.250379
32.301729,31.265259
32.301729,31.265259
32.301729,31.265259
30.766667,27.616667
30.766667,27.616667
30.766667,27.616667
30.841667,27.373611
30.849444,27.641389
30.811893,27.557791
31.432778,26.908611
31.432778,26.908611
31.432778,26.908611
30.811893,27.557791
32.301729,31.265259
,
30.849444,27.641389
31.334314,30.084629
31.179426,27.181122
31.179426,27.181122
30.811893,27.557791
31.179426,27.181122
31.179426,27.181122
30.811893,27.557791
32.727222,26.17
31.334314,30.084629
30.811893,27.557791
29.919167,31.198056
31.334314,30.084629
31.179426,27.181122
31.179426,27.181122
30.817812,27.440416
31.334314,30.084629
30.79689,27.82725
31.319283,27.045349
31.179426,27.181122
30.843773,27.732365
31.179426,27.181122
31.321111,30.312778
31.179426,27.181122
30.746817,27.44169
31.334314,30.084629
32.876366,24.976313
31.179426,27.181122
31.413811,26.992556
31.334314,30.084629
30.883333,27.383333
31.283333,27.1
31.413811,26.992556
30.811893,27.557791
31.676389,31.28
31.302688,27.032401
31.334314,30.084629
32.876366,24.976313
32.876366,24.976313
31.319283,27.045349
31.334314,30.084629
31.334314,30.084629
30.817812,27.440416
31.334314,30.084629
31.413811,26.992556
31.319283,27.045349
30.811893,27.557791
30.811893,27.557791
31.175278,27.138611
31.179426,27.181122
30.817812,27.440416
30.817812,27.440416
31.413811,26.992556
30.838026,27.929867
31.413811,26.992556
31.179426,27.181122
31.334314,30.084629
31.179426,27.181122
31.379042,26.964558
31.334314,30.084629
31.328282,26.87567
31.179426,27.181122
31.334314,30.084629
30.817812,27.440416
31.179426,27.181122
31.319283,27.045349
31.179426,27.181122
31.334314,30.084629
30.756499,28.097438
31.413811,26.992556
31.493889,26.768056
31.69567,26.559074
29.919167,31.198056
31.379042,26.964558
29.919167,31.198056
,
,
31.379042,26.964558
30.967388,27.31284
31.413811,26.992556
30.849444,27.641389
31.413811,26.992556
31.098497,29.074371
30.893056,27.390278
31.413811,26.992556
30.967388,27.31284
31.179426,27.181122
30.756499,28.097438
29.973419,28.257557
31.413811,26.992556
31.7,26.55
31.359662,27.063135
32.238611,26.051389
31.433333,26.916667
32.819036,25.995093
30.843773,27.732365
30.838889,27.491111
31.433333,26.916667
32.717499,25.71468
30.817812,27.440416
30.843773,27.732365
32.424444,26.088611
30.865278,27.751389
30.845782,27.729927
33.803768,27.205332
30.843773,27.732365
31.735833,30.758611
30.843773,27.732365
32.819036,25.995093
31.638356,26.571904
30.843773,27.732365
31.334314,30.084629
30.772778,27.798611
30.843773,27.732365
32.238611,26.051389
32.716667,25.9
30.843773,27.732365
30.811893,27.557791
30.843773,27.732365
32.727222,26.17
30.756499,28.097438
30.756499,28.097438
30.843773,27.732365
30.843773,27.732365
32.727222,26.17
30.843773,27.732365
30.843773,27.732365
30.843773,27.732365
30.843773,27.732365
30.843773,27.732365
31.179426,27.181122
30.843773,27.732365
30.843773,27.732365
30.967388,27.31284
30.843773,27.732365
31.125214,27.250379
30.843773,27.732365
30.951316,27.355419
31.820833,30.689444
30.843773,27.732365
30.843773,27.732365
30.772778,27.798611
30.843773,27.732365
32.717499,25.71468
30.843773,27.732365
31.501944,26.769167
30.8,27.783333
30.843773,27.732365
30.838026,27.929867
30.838026,27.929867
32.727222,26.17
30.772615,27.798694
,
,
30.772778,27.798611
30.843773,27.732365
30.79689,27.82725
30.843773,27.732365
30.843773,27.732365
30.708694,28.309792
,
31.3,29.783333
30.785556,27.745
32.727222,26.17
30.838026,27.929867
30.843773,27.732365
30.843773,27.732365
30.756499,28.097438
32.727222,26.17
32.727222,26.17
30.843773,27.732365
30.840278,28.648611
30.780833,27.952222
30.9164,29.3456
31.098497,29.074371
30.843773,27.732365
30.843773,27.732365
30.803056,27.895
30.772778,27.798611
30.708694,28.309792
30.843773,27.732365
30.843773,27.732365
32.876366,24.976313
30.77723,27.856221
30.708694,28.309792
30.780833,27.952222
30.798889,27.875556
30.80529,28.495031
30.838026,27.929867
30.79689,27.82725
30.756499,28.097438
30.708694,28.309792
30.843773,27.732365
30.843773,27.732365
30.756499,28.097438
30.829167,27.753611
30.843773,27.732365
30.843773,27.732365
30.756499,28.097438
30.843773,27.732365
30.772778,27.798611
30.772778,27.798611
30.843773,27.732365
30.75,27.783333
30.756499,28.097438
31.334314,30.084629
30.843773,27.732365
30.705154,28.510485
30.843773,27.732365
30.772778,27.798611
30.849444,27.641389
30.772778,27.798611
30.843773,27.732365
31.45,26.966667
30.708694,28.309792
30.755529,27.890228
31.179426,27.181122
30.7725,27.679167
31.179426,27.181122
31.413811,26.992556
30.843773,27.732365
30.843773,27.732365
30.843773,27.732365
30.708694,28.309792
30.76184,28.087097
30.843773,27.732365
30.843773,27.732365
30.838026,27.929867
30.840278,28.648611
30.740278,27.775
32.161667,26.055
30.744444,27.666667
30.843773,27.732365
30.843773,27.732365
30.843773,27.732365
30.843773,27.732365
30.843773,27.732365
30.804838,27.775592
30.843773,27.732365
32.727222,26.17
30.897778,28.822778
30.843773,27.732365
30.708694,28.309792
30.843773,27.732365
31.745362,26.565512
30.756499,28.097438
30.756499,28.097438
32.161667,26.055
32.161667,26.055
31.7,26.55
32.161667,26.055
30.843773,27.732365
30.838026,27.929867
30.838026,27.929867
30.838026,27.929867
30.838026,27.929867
30.756499,28.097438
30.838026,27.929867
30.838026,27.929867
30.838026,27.929867
30.843773,27.732365
31.060833,30.558611
30.780833,27.952222
30.789906,28.010769
30.838026,27.929867
30.776051,27.912076
30.843773,27.732365
30.838026,27.929867
31.413811,26.992556
31.413811,26.992556
31.344778,27.064266
31.179426,27.181122
31.179426,27.181122
31.413811,26.992556
31.334314,30.084629
31.334314,30.084629
30.756499,28.097438
31.185192,30.022924
30.756499,28.097438
31.433333,26.916667
31.088889,29.063889
32.55,29.966667
31.334314,30.084629
30.838026,27.929867
30.843773,27.732365
30.838026,27.929867
30.7725,27.679167
30.843773,27.732365
30.756499,28.097438
30.843773,27.732365
31.493889,26.768056
30.843773,27.732365
30.843773,27.732365
30.843773,27.732365
32.457778,29.896389
30.893056,27.390278
30.803056,27.895
31.270278,26.981111
31.344778,27.064266
30.803056,27.895
30.838026,27.929867
31.179426,27.181122
31.179426,27.181122
30.843773,27.732365
30.838026,27.929867
31.088889,29.063889
30.843773,27.732365
30.731005,27.869968
30.849444,27.641389
30.756499,28.097438
30.804838,27.775592
30.808056,27.981111
30.838026,27.929867
31.15334,30.874131
32.238611,26.051389
30.756499,28.097438
30.811893,27.557791
30.838026,27.929867
30.803056,27.895
30.756499,28.097438
30.967388,27.31284
30.7725,27.679167
30.776051,27.912076
31.334314,30.084629
31.334314,30.084629
30.811893,27.557791
30.756499,28.097438
30.756499,28.097438
30.756499,28.097438
32.238611,26.051389
30.959152,29.474121
32.717499,25.71468
30.802621,28.491669
30.838026,27.929867
31.334314,30.084629
32.301621,31.265296
34.899447,29.490095
34.684259,29.126222
34.683143,29.122501
31.334314,30.084629
34.329886,27.915557
31.334314,30.084629
29.919167,31.198056
29.919167,31.198056
29.919167,31.198056
34.513634,28.509136
33.617577,30.608472
31.334314,30.084629
31.334314,30.084629
31.334314,30.084629
33.800865,31.126646
29.696268,30.762296
34.24128,31.250196
31.334314,30.084629
33.800865,31.126646
33.800865,31.126646
33.800865,31.126646
33.617577,30.608472
33.800865,31.126646
33.617577,30.608472
31.334314,30.084629
33.617577,30.608472
33.617577,30.608472
34.24128,31.250196
33.800865,31.126646
33.800865,31.126646
33.800865,31.126646
33.617577,30.608472
33.800865,31.126646
33.800864,31.126646
33.975673,28.55755
33.803276,31.132093
33.617577,30.608472
33.975673,28.55755
31.334314,30.084628
33.800864,31.126646
33.976111,28.555556
33.800864,31.126646
33.835403,31.072804
34.241281,31.250196
31.334314,30.084628
33.617577,30.608472
34.153195,29.310183
33.228604,30.046109
34.219944,31.173071
33.800864,31.126646
34.241281,31.250196
33.800864,31.126646
33.800864,31.126646
33.800864,31.126646
33.800864,31.126646
33.800864,31.126646
33.800864,31.126646
33.617577,30.608472
33.800864,31.126646
33.617577,30.608472
33.800864,31.126646
34.241281,31.250196
34.161843,31.1279
34.161843,31.1279
33.800864,31.126646
33.800864,31.126646
33.800864,31.126646
33.617577,30.608472
33.25267,28.672312
34.146268,31.082872
33.800864,31.126646
33.800864,31.126646
33.617577,30.608472
33.800864,31.126646
33.800864,31.126646
33.800864,31.126646
33.800864,31.126646
33.800864,31.126646
34.241281,31.250196
34.241281,31.250196
34.241281,31.250196
31.235712,30.04442
34.241281,31.250196
32.240311,26.048795
33.617577,30.608472
33.800864,31.126646
31.334314,30.084628
31.334314,30.084628
31.814443,31.417539
33.008587,31.016779
31.334314,30.084628
33.606319,30.600094
32.703367,29.591819
32.178526,29.365421
33.800864,31.126646
33.306915,28.679594
33.749462,29.905631
33.800864,31.126646
33.788052,30.87394
33.800864,31.126646
34.241281,31.250196
34.241281,31.250196
31.334314,30.084628
33.800864,31.126646
31.218796,30.327842
33.663463,28.712988
31.246842,30.118598
,
32.301866,31.265289
31.504058,30.576563
33.800864,31.126646
33.617577,30.608472
27.248633,31.335899
33.800864,31.126646
33.800864,31.126646
33.800864,31.126646
34.217949,31.27591
34.241281,31.250196
34.117064,31.212225
34.117064,31.212225
34.146268,31.082872
34.241281,31.250196
33.800864,31.126646
33.800864,31.126646
34.117064,31.212225
33.800864,31.126646
34.241281,31.250196
33.617577,30.608472
33.800864,31.126646
33.800864,31.126646
33.800864,31.126646
33.800864,31.126646
33.800864,31.126646
34.117064,31.212225
33.617577,30.608472
31.334314,30.084628
33.800864,31.126646
34.117064,31.212225
33.800864,31.126646
31.185193,30.022924
34.228489,31.229982
34.217949,31.27591
32.301866,31.265289
33.800864,31.126646
34.117064,31.212225
33.800864,31.126646
33.800864,31.126646
33.800864,31.126646
33.800864,31.126646
32.87582,24.978548
34.17469,31.213976
33.617577,30.608472
33.800864,31.126646
33.800864,31.126646
34.241281,31.250196
34.241281,31.250196
34.241281,31.250196
33.800864,31.126646
33.800864,31.126646
34.241281,31.250196
33.800864,31.126646
33.800864,31.126646
33.800864,31.126646
33.800864,31.126646
33.800864,31.126646
33.800864,31.126646
33.800864,31.126646
32.111443,30.562224
33.800864,31.126646
33.800864,31.126646
33.717454,30.65881
33.800864,31.126646
33.800864,31.126646
33.800864,31.126646
34.241281,31.250196
34.003844,31.150532
33.800864,31.126646
33.800864,31.126646
34.241281,31.250196
34.117064,31.212225
34.117064,31.212225
34.117064,31.212225
34.117064,31.212225
34.117064,31.212225
34.117064,31.212225
34.117064,31.212225
33.800864,31.126646
33.800864,31.126646
33.800864,31.126646
33.800864,31.126646
33.800864,31.126646
33.800864,31.126646
33.800864,31.126646
33.800864,31.126646
34.003844,31.150532
34.241281,31.250196
33.810298,30.498423
31.334314,30.084628
33.800864,31.126646
31.377196,31.041021
33.800864,31.126646
34.117064,31.212225
34.117064,31.212225
34.117064,31.212225
34.054656,31.191658
34.117064,31.212225
34.117064,31.212225
34.117064,31.212225
34.117064,31.212225
34.117064,31.212225
34.117064,31.212225
33.800864,31.126646
33.800864,31.126646
33.855743,31.131726
33.800864,31.126646
33.617577,30.608472
34.241281,31.250196
33.800864,31.126646
33.800864,31.126646
33.800864,31.126646
33.800864,31.126646
33.617577,30.608472
33.008587,31.016779
33.800864,31.126646
33.800864,31.126646
33.800864,31.126646
33.800864,31.126646
33.800864,31.126646
33.800864,31.126646
33.800864,31.126646
33.800864,31.126646
33.800864,31.126646
33.800864,31.126646
33.800864,31.126646
33.800864,31.126646
32.267849,30.604231
33.800864,31.126646
33.800864,31.126646
33.800864,31.126646
31.179426,27.181122
33.800864,31.126646
33.800864,31.126646
34.117064,31.212225
33.800864,31.126646
33.800864,31.126646
33.800864,31.126646
31.774317,30.685926
27.248633,31.335899
31.456419,30.026531
,
,
33.008587,31.016779
32.258606,30.59241
34.241281,31.250196
30.343551,30.514758
33.800864,31.126646
34.117064,31.212225
32.271459,30.596492
33.490963,31.034108
34.117064,31.212225
33.964448,31.164414
33.800864,31.126646
33.800864,31.126646
33.800864,31.126646
33.800864,31.126646
33.800864,31.126646
33.800864,31.126646
33.800864,31.126646
33.800864,31.126646
34.117064,31.212225
32.265389,30.583093
33.800864,31.126646
33.800864,31.126646
33.800864,31.126646
30.781921,27.776823
34.117064,31.212225
33.800864,31.126646
33.800864,31.126646
33.800864,31.126646
31.334314,30.084628
34.117064,31.212225
33.800864,31.126646
33.800864,31.126646
32.314716,30.90807
33.800864,31.126646
31.334314,30.084628
33.800864,31.126646
33.800864,31.126646
33.800864,31.126646
31.334314,30.084628
32.271459,30.596492
32.899829,24.088938
33.800864,31.126646
31.185193,30.022924
31.334314,30.084628
,
34.117064,31.212225
33.800864,31.126646
33.800864,31.126646
31.334314,30.084628
34.241281,31.250196
34.241281,31.250196
32.271459,30.596492
31.269641,30.135777
,
34.205718,31.269161
33.949759,29.233803
31.967124,30.733482
31.678848,31.387641
34.241281,31.250196
34.117064,31.212225
32.301163,31.267161
32.271459,30.596492
34.241281,31.250196
31.277878,30.146909
34.117064,31.212225
34.368583,30.666689
32.527968,29.966111
33.800864,31.126646
33.800864,31.126646
34.117064,31.212225
30.838026,27.929867
34.117064,31.212225
33.800864,31.126646
33.800864,31.126646
33.800864,31.126646
33.726127,30.475543
32.301866,31.265289
33.617577,30.608472
33.800864,31.126646
32.271324,30.596353
33.800864,31.126646
32.286753,30.618391
33.622913,28.245118
31.334314,30.084628
31.185193,30.022924
32.301866,31.265289
32.276153,30.605262
33.785693,30.4653
34.241281,31.250196
34.241281,31.250196
33.800864,31.126646
33.800864,31.126646
34.241281,31.250196
33.800864,31.126646
33.737959,30.593786
34.117064,31.212225
34.241281,31.250196
33.611755,30.675715
34.117064,31.212225
33.611755,30.675715
33.800864,31.126646
33.800864,31.126646
32.273649,30.604512
32.273649,30.604512
31.334314,30.084628
34.117064,31.212225
34.241281,31.250196
34.303909,29.668961
33.622742,30.689888
34.241281,31.250196
33.800864,31.126646
31.720059,30.732442
31.720059,30.732442
31.720059,30.732442
33.800864,31.126646
31.358445,31.041796
34.117064,31.212225
33.800864,31.126646
34.201193,31.223425
31.334314,30.084628
34.241281,31.250196
33.62257,28.240884
34.117064,31.212225
33.800864,31.126646
33.800864,31.126646
32.263606,30.593751
33.800864,31.126646
31.334314,30.084628
31.334314,30.084628
33.644714,30.699335
31.334314,30.084628
32.277435,30.603049
34.241281,31.250196
33.800864,31.126646
31.334314,30.084628
34.241281,31.250196
31.334314,30.084628
34.241281,31.250196
34.241281,31.250196
34.117064,31.212225
34.117064,31.212225
32.271942,30.595366
31.377034,30.016894
33.800864,31.126646
31.334314,30.084628
31.379664,31.039309
31.377034,30.016894
31.377034,30.016894
31.334314,30.084628
31.714354,30.732393
31.814443,31.417539
33.617577,30.608472
31.269641,30.135777
30.999529,30.787678
34.117064,31.212225
34.117064,31.212225
31.334314,30.084628
30.942169,31.111961
34.117064,31.212225
34.153195,29.310183
31.334314,30.084628
34.117064,31.212225
31.334314,30.084628
30.86575,29.413616
33.851883,31.146263
30.963032,29.997914
30.963032,29.997914
30.999529,30.787678
31.334314,30.084628
31.148128,29.284432
31.334314,30.084628
31.185193,30.022924
31.185193,30.022924
31.185193,30.022924
34.117064,31.212225
31.334314,30.084628
32.528546,29.964494
33.625975,30.600094
34.117064,31.212225
33.611283,30.54537
34.117064,31.212225
31.185193,30.022924
30.963032,29.997914
34.117064,31.212225
33.617577,30.608472
33.800864,31.126646
31.334314,30.084628
30.963032,29.997914
30.634518,29.902568
33.833762,29.389289
30.634518,29.902568
31.185193,30.022924
34.241281,31.250196
34.222353,31.172832
33.800864,31.126646
33.800864,31.126646
33.613632,30.470624
33.613632,30.470624
33.613632,30.470624
33.613632,30.470624
31.185193,30.022924
31.185193,30.022924
33.648028,30.46632
33.613632,30.470624
33.77642,30.55503
33.824881,30.692919
32.271431,30.596139
31.253722,29.829254
31.334314,30.084628
34.895225,29.492057
31.717315,30.730032
31.503929,30.589159
31.717315,30.730032
31.503929,30.589159
33.800864,31.126646
31.503016,30.587291
31.334314,30.084628
31.382121,31.038039
30.963032,29.997914
31.09818,29.080087
32.898328,24.089354
30.963032,29.997914
33.800864,31.126646
31.334314,30.084628
31.504066,30.576538
33.694858,30.361125
33.584154,30.58848
31.334314,30.084628
31.334314,30.084628
31.269641,30.135777
31.317676,29.854085
34.117064,31.212225
31.170674,30.968777
33.834471,31.078089
31.185193,30.022924
33.800864,31.126646
34.117064,31.212225
31.269641,30.135777
34.117064,31.212225
32.271459,30.596492
33.800864,31.126646
34.117064,31.212225
31.185193,30.022924
31.185193,30.022924
31.185193,30.022924
31.185193,30.022924
31.334314,30.084628
32.716429,26.154994
30.963032,29.997914
30.963032,29.997914
31.185193,30.022924
31.170674,30.968777
32.716012,26.155061
34.117064,31.212225
31.185193,30.022924
31.185193,30.022924
33.800864,31.126646
31.185193,30.022924
34.117064,31.212225
31.206674,30.139763
30.963032,29.997914
30.963032,29.997914
33.800864,31.126646
33.622915,28.239797
33.781681,28.03129
31.334314,30.084628
31.334314,30.084628
33.800864,31.126646
34.131668,31.078333
34.146268,31.082872
31.719546,30.732662
31.334314,30.084628
31.719546,30.732662
31.185193,30.022924
31.334314,30.084628
30.76184,28.087097
31.334314,30.084628
33.800864,31.126646
33.800864,31.126646
31.317676,29.854085
34.241281,31.250196
31.334314,30.084628
31.334314,30.084628
31.334314,30.084628
33.932246,31.110285
33.617577,30.608472
31.110741,30.030554
30.838811,29.311707
31.156275,29.974001
31.170674,30.968777
30.291146,30.908829
31.317676,29.854085
31.204954,29.334104
34.241281,31.250196
31.334314,30.084628
34.117064,31.212225
27.173532,24.545564
30.963032,29.997914
33.800864,31.126646
34.241281,31.250196
34.117064,31.212225
33.800864,31.126646
33.800864,31.126646
33.800864,31.126646
33.532727,31.069604
33.617577,30.608472
30.963032,29.997914
31.269641,30.135777
31.334314,30.084628
31.334314,30.084628
31.319417,30.152936
31.334314,30.084628
31.334314,30.084628
33.800864,31.126646
34.241281,31.250196
30.963032,29.997914
31.334314,30.084628
31.334314,30.084628
31.334314,30.084628
31.334314,30.084628
33.617577,30.608472
29.894987,31.18051
31.334314,30.084628
31.185193,30.022924
31.185193,30.022924
32.240958,31.241078
31.166733,27.207501
31.166733,27.207501
30.963032,29.997914
31.185193,30.022924
34.241281,31.250196
,
31.334314,30.084628
31.491318,31.083202
31.814443,31.417539
33.800864,31.126646
33.800864,31.126646
33.800864,31.126646
30.963032,29.997914
34.241281,31.250196
34.117064,31.212225
33.800864,31.126646
27.969925,27.058452
33.800864,31.126646
34.241281,31.250196
34.241281,31.250196
34.241281,31.250196
33.617577,30.608472
34.117064,31.212225
34.117064,31.212225
34.146268,31.082872
34.117064,31.212225
31.303039,29.732586
31.185193,30.022924
34.117064,31.212225
34.146268,31.082872
28.43569,31.027081
28.446384,31.029024
34.241281,31.250196
34.110425,31.211645
,
30.76184,28.087097
30.76184,28.087097
31.73076,30.306699
31.334314,30.084628
34.183889,31.218889
31.317676,29.854085
31.013082,30.565576
31.73076,30.306699
31.130546,30.747309
31.334314,30.084628
33.617577,30.608472
31.334314,30.084628
31.334314,30.084628
34.241281,31.250196
34.241281,31.250196
34.117064,31.212225
34.241389,31.148611
33.617577,30.608472
34.241281,31.250196
33.800864,31.126646
32.304858,31.266208
34.364319,30.887489
33.800864,31.126646
34.117064,31.212225
30.999529,30.787678
33.800864,31.126646
30.76184,28.087097
31.947627,30.086821
34.241281,31.250196
34.117064,31.212225
33.800864,31.126646
34.117064,31.212225
30.063242,30.063242
30.999529,30.787678
31.170674,30.968777
30.999529,30.787678
30.999529,30.787678
31.130505,30.047067
30.76184,28.087097
31.345509,30.51048
31.185193,30.022924
32.058934,26.278256
31.03351,30.875356
31.170674,30.968777
31.170674,30.968777
31.03351,30.875356
30.818955,30.824734
34.163253,31.127887
33.617577,30.608472
33.617577,30.608472
34.117064,31.212225
31.563298,30.416963
31.347135,30.51284
33.800864,31.126646
31.334314,30.084628
33.800864,31.126646
30.999529,30.787678
33.800864,31.126646
31.185193,30.022924
30.823359,30.819121
30.472794,31.042644
34.076081,30.886219
31.185193,30.022924
33.800864,31.126646
31.669912,30.725535
32.55602,29.969238
34.241281,31.250196
31.185193,30.022924
31.719546,30.732662
33.800864,31.126646
31.334314,30.084628
34.241281,31.250196
33.800864,31.126646
33.800864,31.126646
30.930646,30.465985
31.334314,30.084628
31.334314,30.084628
31.73076,30.306699
32.271459,30.596492
31.185193,30.022924
30.838811,29.311707
33.800864,31.126646
31.09818,29.080087
31.814312,31.417651
31.185193,30.022924
,
,
33.617577,30.608472
34.110425,31.211645
34.240191,31.280267
31.334314,30.084628
33.800864,31.126646
31.317676,29.854085
31.334314,30.084628
31.719546,30.732662
31.719546,30.732662
31.719546,30.732662
34.219944,31.173071
33.800864,31.126646
31.204954,29.334104
34.117064,31.212225
33.800864,31.126646
33.800864,31.126646
33.800864,31.126646
31.334314,30.084628
31.354515,30.248908
31.235733,30.044552
29.696268,30.762296
30.842839,29.308393
31.094774,29.07605
31.668627,30.727154
31.334314,30.084628
33.800864,31.126646
33.800864,31.126646
34.117064,31.212225
34.117064,31.212225
31.742241,30.730803
31.334314,30.084628
32.302438,30.594712
33.800864,31.126646
34.241281,31.250196
33.800864,31.126646
31.334314,30.084628
33.800864,31.126646
33.800864,31.126646
29.894987,31.18051
31.334314,30.084628
30.59391,30.765961
34.117064,31.212225
34.117064,31.212225
34.117064,31.212225
31.334314,30.084628
33.800864,31.126646
29.894987,31.18051
33.907003,31.114107
34.1643,31.1566
34.241281,31.250196
34.117064,31.212225
33.800864,31.126646
33.800864,31.126646
33.800864,31.126646
31.185193,30.022924
30.0603,31.303535
34.117064,31.212225
31.317676,29.854085
34.008556,31.186065
31.334314,30.084628
33.617577,30.608472
33.901494,31.103965
33.800864,31.126646
34.172752,30.81214
34.117064,31.212225
31.334314,30.084628
30.762019,28.086801
33.617577,30.608472
30.838811,29.311707
33.800864,31.126646
31.269641,30.135777
31.185193,30.022924
33.800864,31.126646
34.241281,31.250196
34.241281,31.250196
34.117064,31.212225
34.117064,31.212225
34.008556,31.186065
29.894987,31.18051
29.894987,31.18051
33.880152,31.145676
29.894987,31.18051
34.241281,31.250196
31.185193,30.022924
32.549628,29.966757
33.811607,27.257896
33.932246,31.110285
34.117064,31.212225
34.087422,31.16983
34.110425,31.211645
34.117064,31.212225
31.334314,30.084628
31.317676,29.854085
30.84229,29.31053
31.334314,30.084628
33.800864,31.126646
30.842973,29.311899
31.503931,30.576442
34.241281,31.250196
30.343551,30.848099
31.334314,30.084628
31.334314,30.084628
31.488465,31.091713
30.838811,29.311707
31.334314,30.084628
34.117064,31.212225
30.987632,30.597245
30.987632,30.597245
33.800864,31.126646
34.117064,31.212225
33.800864,31.126646
31.216847,30.329237
31.334314,30.084628
29.918739,31.200092
30.844256,29.308327
29.894987,31.18051
29.894987,31.18051
30.838811,29.311707
30.838811,29.311707
30.838811,29.311707
30.838811,29.311707
30.838811,29.311707
30.838811,29.311707
32.899829,24.088938
30.942002,31.106367
30.987632,30.597245
31.235845,30.044245
29.232078,28.766622
31.099384,29.066127
30.762019,28.086801
31.334314,30.084628
32.716012,26.154981
31.334314,30.084628
31.669928,30.725416
33.800864,31.126646
34.241281,31.250196
32.549628,29.966757
33.803276,31.13169
32.301866,31.265289
33.800864,31.126646
30.762019,28.086801
32.301866,31.265289
32.264418,31.263388
31.216847,30.329237
30.83781,29.311745
31.216847,30.329237
34.368583,30.666689
29.894987,31.18051
29.894987,31.18051
33.800864,31.126646
34.241281,31.250196
34.117064,31.212225
33.617577,30.608472
31.334314,30.084628
33.800864,31.126646
34.241281,31.250196
34.241281,31.250196
29.894987,31.18051
33.800864,31.126646
33.800864,31.126646
31.216847,30.329237
29.894987,31.18051
31.334314,30.084628
31.334314,30.084628
34.241281,31.250196
31.334314,30.084628
34.241281,31.250196
33.803232,31.13194
29.894987,31.18051
29.232079,28.766622
33.800864,31.126646
31.334314,30.084628
33.800864,31.126646
34.117064,31.212225
34.241281,31.250196
31.135254,30.544004
33.800864,31.126646
29.894987,31.18051
29.894987,31.18051
31.317676,29.854085
31.317676,29.854085
30.963032,29.997914
32.253088,30.647354
32.253088,30.647354
32.253088,30.647354
31.317676,29.854085
33.800864,31.126646
31.334314,30.084628
34.117064,31.212225
30.941975,31.10632
29.894987,31.18051
29.894987,31.18051
29.894987,31.18051
29.894987,31.18051
29.894987,31.18051
30.057511,31.303614
34.117064,31.212225
34.117064,31.212225
34.241281,31.250196
31.317676,29.854085
33.148611,30.426389
31.334314,30.084628
34.117064,31.212225
33.717454,30.65881
31.184652,30.465685
33.800864,31.126646
31.03351,30.875356
30.343551,30.848099
29.232079,28.766622
31.695478,26.558523
34.241281,31.250196
34.241281,31.250196
30.963032,29.997914
32.549628,29.966834
30.708694,28.309791
31.09818,29.080087
31.09818,29.080087
30.823359,30.819121
31.371168,29.827227
34.119579,31.208759
33.800864,31.126646
34.241281,31.250196
33.800864,31.126646
31.185193,30.022924
31.185193,30.022924
31.185193,30.022924
31.185193,30.022924
31.185193,30.022924
31.293508,30.941732
34.117064,31.212225
31.814443,31.417539
31.814443,31.417539
34.241281,31.250196
34.117064,31.212225
30.838811,29.311707
30.682439,29.360999
30.846014,29.307319
30.842872,29.308363
30.842872,29.308363
31.814443,31.417539
34.241281,31.250196
34.241281,31.250196
32.899651,24.088856
33.617577,30.608472
31.334314,30.084628
33.617577,30.608472
31.334314,30.084628
31.334314,30.084628
34.087422,31.16983
34.196667,31.172222
31.170674,30.968777
30.999529,30.787678
34.117064,31.212225
34.241281,31.250196
29.894987,31.18051
29.894987,31.18051
29.894987,31.18051
29.894987,31.18051
31.170674,30.968777
31.287932,30.014193
34.117064,31.212225
30.13,31.131111
29.894987,31.18051
29.894987,31.18051
29.894987,31.18051
29.894987,31.18051
33.800864,31.126646
33.800864,31.126646
30.838811,29.311707
31.007948,30.560456
34.241281,31.250196
34.117064,31.212225
34.05,30.783333
31.334314,30.084628
31.334314,30.084628
31.334314,30.084628
31.334314,30.084628
33.800864,31.126646
29.894987,31.18051
34.117064,31.212225
31.334314,30.084628
29.894987,31.18051
33.800864,31.126646
33.985587,31.175401
31.185193,30.022924
33.617577,30.608472
31.563543,30.718645
31.135947,30.122938
32.549718,29.966834
33.800864,31.126646
34.117064,31.212225
34.241281,31.250196
34.124159,31.211882
34.087422,31.16983
34.123059,31.156792
33.955927,31.163713
33.800864,31.126646
33.617577,30.608472
30.838811,29.311707
31.185193,30.022924
34.241281,31.250196
33.800864,31.126646
34.241281,31.250196
34.117064,31.212225
32.549807,29.966834
30.730906,27.859921
34.068869,31.207882
33.820059,31.125883
33.800864,31.126646
31.185193,30.022924
33.800864,31.126646
33.8657,29.691005
33.639568,30.543211
31.200826,29.257506
31.013428,30.551154
34.151037,31.211786
34.117064,31.212225
34.117064,31.212225
34.117064,31.212225
34.117064,31.212225
34.117064,31.212225
34.117064,31.212225
33.800864,31.126646
31.724866,30.727675
30.838811,29.311707
31.185193,30.022924
31.334314,30.084628
29.894987,31.18051
34.110425,31.211645
34.117064,31.212225
34.117064,31.212225
34.151037,31.211786
34.123383,31.210685
34.110425,31.211645
34.110425,31.211645
32.901032,24.088088
34.14131,31.174071
34.117064,31.212225
34.151037,31.211786
33.800864,31.126646
34.117064,31.212225
33.800864,31.126646
34.117064,31.212225
34.117064,31.212225
34.110425,31.211645
34.117064,31.212225
33.800864,31.126646
33.800864,31.126646
34.117064,31.212225
33.800864,31.126646
34.241281,31.250196
31.503584,30.576868
34.241281,31.250196
34.241281,31.250196
31.335283,29.849805
31.503943,30.577668
30.963032,29.997914
30.963032,29.997914
34.241281,31.250196
34.117064,31.212225
33.800864,31.126646
30.942169,31.111961
30.836503,29.311529
34.117064,31.212225
34.241281,31.250196
34.117064,31.212225
34.241281,31.250196
34.117064,31.212225
33.618098,30.608949
34.117064,31.212225
31.724866,30.727675
31.536797,31.441411
34.117064,31.212225
34.117064,31.212225
33.617577,30.608472
34.241281,31.250196
34.151037,31.211786
34.151037,31.211786
31.334314,30.084628
33.800864,31.126646
34.117064,31.212225
33.803276,31.132093
33.803276,31.132093
33.803276,31.132093
34.241281,31.250196
33.617577,30.608472
34.117064,31.212225
34.241281,31.250196
34.241281,31.250196
34.241281,31.250196
33.617577,30.608472
31.320609,30.125427
30.983749,28.921436
33.617577,30.608472
30.836503,29.311529
33.803276,31.132093
33.617577,30.608472
33.617577,30.608472
33.008587,31.016779
34.241281,31.250196
34.117064,31.212225
34.117064,31.212225
32.240407,26.047953
32.240407,26.047953
34.008056,31.126944
34.068869,31.207882
34.241281,31.250196
34.241281,31.250196
34.080503,31.201445
33.617577,30.608472
34.196667,31.172222
31.730288,30.725516
33.617577,30.608472
34.241281,31.250196
34.241281,31.250196
33.617577,30.608472
33.803276,31.132093
31.503016,30.587291
31.503016,30.587291
31.503016,30.587291
31.503016,30.587291
34.068869,31.207882
33.932246,31.110285
34.241281,31.250196
34.117064,31.212225
34.241281,31.250196
33.800864,31.126646
33.800864,31.126646
33.800864,31.126646
31.927718,30.811078
31.896667,30.795
34.117064,31.212225
31.317676,29.854085
30.838811,29.311707
34.117064,31.212225
30.194722,30.437778
,
34.241281,31.250196
34.241281,31.250196
33.800864,31.126646
30.797906,29.238158
30.797906,29.238158
33.800864,31.126646
31.110741,30.030554
30.959152,29.474122
32.301866,31.265289
,
32.904158,24.611645
30.47275,31.042457
30.47275,31.042457
30.311429,31.097014
30.838811,29.311707
33.800864,31.126646
34.117064,31.212225
30.838811,29.311707
34.008556,31.186065
31.094774,29.07605
31.678611,30.5375
31.334314,30.084628
31.334314,30.084628
33.800864,31.126646
33.800864,31.126646
33.800864,31.126646
33.800864,31.126646
33.800864,31.126646
33.617577,30.608472
34.022213,31.152665
31.185193,30.022924
34.117064,31.212225
31.170674,30.968777
31.317676,29.854085
31.130546,30.747309
34.117064,31.212225
34.241281,31.250196
34.117064,31.212225
33.800864,31.126646
33.800864,31.126646
34.146268,31.082872
34.117064,31.212225
32.717499,25.714679
31.334314,30.084628
34.241281,31.250196
31.334314,30.084628
30.61523,29.286538
34.117064,31.212225
33.800864,31.126646
34.117064,31.212225
30.838811,29.311707
31.158298,30.076843
31.158298,30.076843
33.800864,31.126646
33.800864,31.126646
33.800864,31.126646
31.158298,30.076843
31.158298,30.076843
33.800864,31.126646
30.838811,29.311707
33.800864,31.126646
33.803276,31.132093
33.800864,31.126646
30.838811,29.311707
30.838811,29.311707
33.800864,31.126646
33.800864,31.126646
33.800864,31.126646
33.617577,30.608472
33.617577,30.608472
31.692668,30.667636
30.963032,29.997914
30.963032,29.997914
30.47275,31.042457
31.185193,30.022924
31.334314,30.084628
34.117064,31.212225
30.963032,29.997914
31.09818,29.080087
31.09818,29.080087
31.317676,29.854085
30.838811,29.311707
31.216847,30.329237
31.184831,30.465993
31.184831,30.465993
29.894987,31.18051
31.09818,29.080087
34.117064,31.212225
34.146268,31.082872
34.110425,31.211645
34.110425,31.211645
34.117064,31.212225
34.117064,31.212225
34.117064,31.212225
33.800864,31.126646
31.184831,30.465993
30.838811,29.311707
32.899829,24.088938
34.117064,31.212225
34.241281,31.250196
34.117064,31.212225
30.838811,29.311707
33.800864,31.126646
33.800864,31.126646
34.164167,31.156389
31.334314,30.084628
30.665666,30.886599
31.719546,30.732662
33.800864,31.126646
31.09818,29.080087
31.334314,30.084628
34.241281,31.250196
30.959152,29.474122
30.838811,29.311707
34.117064,31.212225
30.838811,29.311707
32.174605,29.368226
34.117064,31.212225
34.241281,31.250196
31.334314,30.084628
31.185193,30.022924
34.117064,31.212225
34.117064,31.212225
29.894987,31.18051
33.800864,31.126646
33.800864,31.126646
31.334314,30.084628
34.241281,31.250196
34.146268,31.082872
34.241281,31.250196
34.117064,31.212225
34.117064,31.212225
34.117064,31.212225
33.800864,31.126646
34.241281,31.250196
34.117064,31.212225
34.241281,31.250196
31.334314,30.084628
33.800864,31.126646
33.800864,31.126646
34.117064,31.212225
31.185193,30.022924
33.800864,31.126646
31.443433,30.753697
30.838811,29.311707
34.117064,31.212225
33.624076,30.683774
34.241281,31.250196
34.122179,31.191312
30.930947,29.55715
33.800864,31.126646
32.536682,29.977461
31.334314,30.084628
30.842129,29.312292
30.838811,29.311707
34.241281,31.250196
34.117064,31.212225
34.241281,31.250196
31.179426,27.181122
34.241281,31.250196
31.269641,30.135777
31.504635,30.577371
33.800864,31.126646
33.88896,30.671648
30.417069,31.400744
33.800864,31.126646
33.800864,31.126646
31.69428,26.559551
30.797906,29.238158
33.800864,31.126646
31.09818,29.080087
33.800864,31.126646
32.221662,26.066562
34.117064,31.212225
34.117064,31.212225
34.117064,31.212225
33.800864,31.126646
33.645026,30.652019
34.151037,31.211786
30.343551,30.848099
34.241281,31.250196
31.1368,30.193108
34.241281,31.250196
34.117064,31.212225
34.117064,31.212225
33.800864,31.126646
33.800864,31.126646
34.241281,31.250196
34.117064,31.212225
31.185193,30.022924
33.800864,31.126646
31.185193,30.022924
33.800864,31.126646
31.253722,29.829254
31.504178,30.576491
31.504066,30.576538
31.467149,30.207582
33.800864,31.126646
30.838811,29.311707
31.646348,31.02314
33.800864,31.126646
31.334314,30.084628
30.963032,29.997914
31.482634,30.588551
31.482826,30.588468
33.800864,31.126646
34.117064,31.212225
34.241281,31.250196
33.800864,31.126646
29.894987,31.18051
29.894987,31.18051
34.117064,31.212225
31.110741,30.030554
30.84285,29.308402
33.800864,31.126646
33.72472,31.116554
34.117064,31.212225
33.800864,31.126646
31.334314,30.084628
33.800864,31.126646
33.800864,31.126646
31.09818,29.080087
30.999529,30.787678
34.241281,31.250196
33.800864,31.126646
,
33.800864,31.126646
33.800864,31.126646
34.173178,30.169854
33.800864,31.126646
31.67165,30.72086
29.894987,31.18051
33.800864,31.126646
33.800864,31.126646
33.800864,31.126646
31.185193,30.022924
31.491318,31.083202
31.504066,30.576538
34.151037,31.211786
33.800864,31.126646
34.241281,31.250196
31.33423,31.04359
33.800864,31.126646
33.800864,31.126646
31.208853,30.013056
31.287139,29.905309
33.800864,31.126646
34.241281,31.250196
33.800864,31.126646
33.800864,31.126646
34.241281,31.250196
31.266833,29.850425
33.800864,31.126646
34.241281,31.250196
34.241281,31.250196
33.800864,31.126646
33.617577,30.608472
31.504066,30.576538
33.800864,31.126646
34.241281,31.250196
33.800864,31.126646
33.800864,31.126646
34.117064,31.212225
33.800864,31.126646
31.334314,30.084628
31.719546,30.732662
31.185193,30.022924
34.241281,31.250196
33.800864,31.126646
34.117064,31.212225
34.241281,31.250196
33.800864,31.126646
31.09818,29.080087
31.185193,30.022924
33.812483,31.062082
33.80377,27.205331
31.185928,29.929591
33.800864,31.126646
33.800864,31.126646
33.800864,31.126646
31.259934,29.62302
34.087422,31.16983
34.117064,31.212225
33.800864,31.126646
33.800864,31.126646
31.185193,30.022924
33.800864,31.126646
33.800864,31.126646
31.185193,30.022924
34.241281,31.250196
31.719546,30.732662
31.798835,30.730038
31.588371,30.659786
33.800864,31.126646
33.800864,31.126646
30.93058,30.465928
33.800864,31.126646
34.241281,31.250196
34.241281,31.250196
34.082742,31.207376
33.800864,31.126646
33.800864,31.126646
31.185193,30.022924
34.117064,31.212225
33.617577,30.608472
33.008587,31.016779
34.117064,31.212225
31.266721,29.816675
32.918875,24.406897
34.241281,31.250196
33.800864,31.126646
31.271519,29.815773
31.185193,30.022924
31.814443,31.417539
34.241281,31.250196
33.800864,31.126646
33.800864,31.126646
31.334314,30.084628
34.117064,31.212225
31.185193,30.022924
31.185193,30.022924
34.117064,31.212225
34.117064,31.212225
33.800864,31.126646
33.800864,31.126646
34.219944,31.173071
31.185193,30.022924
34.117064,31.212225
34.241281,31.250196
33.800864,31.126646
34.117064,31.212225
34.117064,31.212225
33.800864,31.126646
33.800864,31.126646
34.219944,31.173071
34.241281,31.250196
34.117064,31.212225
34.241281,31.250196
33.800864,31.126646
33.617842,30.605228
33.800864,31.126646
33.800864,31.126646
33.800864,31.126646
34.117064,31.212225
33.96743,31.174142
33.800864,31.126646
31.271999,29.846905
31.314046,30.165667
33.800864,31.126646
34.241281,31.250196
33.955927,31.163713
33.785693,30.4653
33.955927,31.163713
34.241281,31.250196
34.117064,31.212225
33.800864,31.126646
34.117064,31.212225
33.800864,31.126646
33.800864,31.126646
33.800864,31.126646
33.955927,31.163713
34.067523,31.196338
31.317676,29.854085
33.800864,31.126646
33.800864,31.126646
33.800864,31.126646
33.800864,31.126646
34.117064,31.212225
33.800864,31.126646
34.146268,31.082872
34.068869,31.207882
33.800864,31.126646
33.800864,31.126646
33.800864,31.126646
34.117064,31.212225
34.117064,31.212225
34.117064,31.212225
34.247173,30.996139
33.617577,30.608472
34.117064,31.212225
34.241281,31.250196
33.800864,31.126646
33.800864,31.126646
33.800864,31.126646
33.58176,30.599508
33.955927,31.163713
33.800864,31.126646
34.241281,31.250196
34.117064,31.212225
33.617577,30.608472
34.241281,31.250196
34.117064,31.212225
34.117064,31.212225
34.241281,31.250196
33.800864,31.126646
34.233926,31.274523
33.72472,31.116554
34.117064,31.212225
33.800864,31.126646
33.800864,31.126646
33.800864,31.126646
34.12108,31.213445
33.72472,31.116554
33.955927,31.163713
33.72472,31.116554
33.749462,29.905631
33.785693,30.4653
33.800864,31.126646
34.368583,30.666689
33.800864,31.126646
33.617577,30.608472
33.800864,31.126646
34.117064,31.212225
34.241281,31.250196
34.146268,31.082872
34.146268,31.082872
34.008556,31.186065
34.241281,31.250196
34.117064,31.212225
33.617577,30.608472
33.800864,31.126646
34.117064,31.212225
34.117064,31.212225
33.619489,30.59703
34.117064,31.212225
33.800864,31.126646
33.800864,31.126646
34.117064,31.212225
27.972298,27.059822
34.241281,31.250196
33.800864,31.126646
34.241281,31.250196
34.117064,31.212225
33.800864,31.126646
34.117064,31.212225
33.6419,30.622246
33.800864,31.126646
33.800864,31.126646
33.800864,31.126646
34.117064,31.212225
34.117064,31.212225
33.800864,31.126646
33.638763,30.610665
30.959152,29.474122
30.761305,28.087597
34.117064,31.212225
33.800864,31.126646
34.241281,31.250196
34.241281,31.250196
34.241281,31.250196
34.117064,31.212225
34.241281,31.250196
34.117064,31.212225
33.738871,30.088437
34.117064,31.212225
34.117064,31.212225
33.800864,31.126646
33.800864,31.126646
34.241281,31.250196
34.117064,31.212225
33.800864,31.126646
33.800864,31.126646
34.241281,31.250196
33.800864,31.126646
34.117064,31.212225
34.241281,31.250196
33.800864,31.126646
34.117064,31.212225
32.177933,29.37457
34.251727,31.244561
34.117064,31.212225
34.241281,31.250196
31.110741,30.030554
34.241281,31.250196
33.617577,30.608472
30.963032,29.997914
33.800864,31.126646
33.800864,31.126646
33.800864,31.126646
34.117064,31.212225
34.146268,31.082872
33.617577,30.608472
33.800864,31.126646
34.241281,31.250196
33.800864,31.126646
33.617577,30.608472
33.800864,31.126646
33.850052,31.066526
34.117064,31.212225
34.368583,30.666689
34.241281,31.250196
34.241281,31.250196
33.800864,31.126646
30.531451,30.371207
33.800864,31.126646
33.800864,31.126646
31.334314,30.084628
33.800864,31.126646
34.241281,31.250196
34.087422,31.16983
34.241281,31.250196
34.117064,31.212225
34.068428,31.206487
34.117064,31.212225
33.800864,31.126646
34.117064,31.212225
34.241281,31.250196
34.117064,31.212225
34.117064,31.212225
34.241281,31.250196
31.185193,30.022924
34.241281,31.250196
34.241281,31.250196
34.117064,31.212225
33.617577,30.608472
33.617577,30.608472
33.617577,30.608472
33.617577,30.608472
33.800864,31.126646
33.472405,31.073358
33.800864,31.126646
34.117064,31.212225
34.006209,31.169537
34.117064,31.212225
34.241281,31.250196
31.799317,31.420449
34.117064,31.212225
34.117064,31.212225
34.151037,31.211786
33.617577,30.608472
33.617577,30.608472
33.617577,30.608472
33.617577,30.608472
30.963032,29.997914
34.241281,31.250196
34.117064,31.212225
33.800864,31.126646
34.489787,30.392788
34.241281,31.250196
34.117064,31.212225
33.800864,31.126646
33.800864,31.126646
34.240071,31.23185
34.23045,31.228216
34.23045,31.228216
34.241281,31.250196
33.72472,31.116554
31.456419,30.026531
33.800864,31.126646
34.241281,31.250196
34.241389,31.148611
34.241281,31.250196
33.800864,31.126646
34.117064,31.212225
33.800864,31.126646
30.525031,31.182648
34.110022,31.211297
34.109856,31.211758
34.110425,31.211645
33.800864,31.126646
33.800864,31.126646
33.800864,31.126646
33.800864,31.126646
33.800864,31.126646
33.408322,31.050078
33.617577,30.608472
34.117064,31.212225
34.146268,31.082872
34.151037,31.211786
34.117064,31.212225
34.117064,31.212225
33.871746,31.006923
34.117064,31.212225
33.800864,31.126646
34.241281,31.250196
34.117064,31.212225
33.955927,31.163713
31.479895,30.228341
33.617577,30.608472
34.117064,31.212225
34.194079,31.2414
33.617577,30.608472
34.117064,31.212225
31.334314,30.084628
34.146268,31.082872
34.241281,31.250196
34.241281,31.250196
34.117064,31.212225
33.871746,31.006923
34.117064,31.212225
33.800864,31.126646
33.617577,30.608472
34.392049,30.882597
33.800864,31.126646
34.681667,30.002778
33.800864,31.126646
34.227465,31.1489
33.800864,31.126646
33.800864,31.126646
31.334314,30.084628
34.175,31.250833
33.800864,31.126646
34.117064,31.212225
34.117064,31.212225
34.241281,31.250196
34.241281,31.250196
33.800864,31.126646
31.456419,30.026531
33.800864,31.126646
34.146268,31.082872
33.800864,31.126646
34.117064,31.212225
33.617577,30.608472
33.800864,31.126646
34.117064,31.212225
34.117064,31.212225
34.117064,31.212225
34.117064,31.212225
33.617577,30.608472
33.800864,31.126646
33.617577,30.608472
33.800864,31.126646
34.117064,31.212225
33.800864,31.126646
34.117064,31.212225
33.800864,31.126646
31.456419,30.026531
32.058755,26.220964
34.241281,31.250196
32.713285,29.590594
34.117064,31.212225
34.117064,31.212225
34.117064,31.212225
34.136125,31.17308
33.800864,31.126646
31.185193,30.022924
30.942169,31.111961
31.334314,30.084628
34.087422,31.16983
34.196793,31.172319
33.800864,31.126646
33.72472,31.116554
33.800864,31.126646
33.800864,31.126646
31.334314,30.084628
30.682439,29.360999
29.894987,31.18051
33.785693,30.4653
34.896899,29.492478
34.381944,30.8775
33.72472,31.116554
33.800864,31.126646
33.955927,31.163713
33.800864,31.126646
33.72472,31.116554
33.800864,31.126646
34.117064,31.212225
34.117064,31.212225
33.800864,31.126646
33.800864,31.126646
33.800864,31.126646
30.705307,25.950713
33.800864,31.126646
33.800864,31.126646
34.117064,31.212225
34.241281,31.250196
33.800864,31.126646
33.800864,31.126646
33.800864,31.126646
32.655393,29.864917
32.655393,29.864917
33.785693,30.4653
33.800864,31.126646
33.395,30.0075
33.617577,30.608472
33.800864,31.126646
34.146268,31.082872
33.800864,31.126646
33.800864,31.126646
34.241281,31.250196
34.080634,31.117753
33.800864,31.126646
33.800864,31.126646
33.841528,31.104444
33.801481,31.085764
33.800864,31.126646
33.800864,31.126646
33.800864,31.126646
33.800864,31.126646
33.800864,31.126646
33.800864,31.126646
33.785693,30.4653
33.800864,31.126646
33.800864,31.126646
33.800864,31.126646
33.800864,31.126646
34.241281,31.250196
34.241281,31.250196
33.800864,31.126646
34.241281,31.250196
33.800864,31.126646
33.800864,31.126646
33.763632,29.952739
29.694039,30.93436
34.231465,31.253554
33.800864,31.126646
33.800864,31.126646
33.800864,31.126646
33.800864,31.126646
33.800864,31.126646
33.800864,31.126646
33.800864,31.126646
34.005281,31.052045
33.837488,31.08794
33.6,30.5
33.800864,31.126646
33.800864,31.126646
33.812419,31.099057
33.800864,31.126646
33.812419,31.099057
31.334314,30.084628
33.800864,31.126646
33.800864,31.126646
33.800864,31.126646
34.241281,31.250196
34.117064,31.212225
31.700946,31.329815
33.800864,31.126646
33.800864,31.126646
30.999529,30.787678
30.999529,30.787678
29.894987,31.18051
30.999529,30.787678
33.800864,31.126646
33.81304,31.104073
33.808595,31.0643
33.800864,31.126646
33.800864,31.126646
33.800864,31.126646
34.241281,31.250196
34.241281,31.250196
33.974544,28.570698
33.800864,31.126646
34.241281,31.250196
34.241281,31.250196
34.241281,31.250196
33.800421,31.106431
31.334314,30.084628
34.168217,31.279846
33.800864,31.126646
33.800864,31.126646
33.800864,31.126646
33.800864,31.126646
34.241281,31.250196
34.146268,31.082872
34.219944,31.173071
34.241281,31.250196
33.955927,31.163713
34.117064,31.212225
34.241281,31.250196
33.800864,31.126646
34.241281,31.250196
33.800864,31.126646
30.768123,28.697896
30.76186,28.087219
33.800864,31.126646
33.800864,31.126646
31.394668,31.021564
33.83708,31.087681
33.83708,31.087681
33.800864,31.126646
31.334314,30.084628
33.800864,31.126646
33.800864,31.126646
31.259934,29.62302
31.259934,29.62302
34.247173,30.996139
31.395412,30.230907
33.800864,31.126646
33.800864,31.126646
33.800864,31.126646
33.80377,27.205331
33.80377,27.205331
31.271999,29.846905
29.894987,31.18051
33.800864,31.126646
33.800864,31.126646
33.800864,31.126646
30.870842,29.31938
33.800864,31.126646
29.894987,31.18051
32.552236,25.290067
31.135263,30.543951
33.827231,31.061518
33.660885,31.095022
34.241281,31.250196
33.660885,31.095022
33.72472,31.116554
33.643307,30.519208
33.800864,31.126646
33.800864,31.126646
33.800864,31.126646
34.241281,31.250196
33.800864,31.126646
31.814443,31.417539
33.008587,31.016779
33.800864,31.126646
33.800864,31.126646
33.638188,31.080795
33.638188,31.080795
33.800864,31.126646
33.800864,31.126646
34.241281,31.250196
33.628685,30.570085
33.008587,31.016779
33.749462,29.905631
31.334314,30.084628
33.026352,30.968153
33.032319,30.974198
34.241281,31.250196
33.850848,30.701736
33.850848,30.701736
33.800864,31.126646
31.334314,30.084628
33.823922,31.100028
31.334314,30.084628
33.785693,30.4653
31.334314,30.084628
33.800864,31.126646
33.800864,31.126646
34.117064,31.212225
34.117064,31.212225
34.117064,31.212225
34.117064,31.212225
34.117064,31.212225
33.800864,31.126646
33.800864,31.126646
33.836074,31.078092
34.117064,31.212225
29.958638,29.497747
33.800864,31.126646
33.800864,31.126646
33.800864,31.126646
33.903081,31.149084
33.800864,31.126646
33.883611,31.144444
33.617577,30.608472
33.749462,29.905631
34.117064,31.212225
33.800864,31.126646
34.117064,31.212225
33.800864,31.126646
33.350886,31.040109
33.800864,31.126646
33.800864,31.126646
34.247173,30.996139
34.241281,31.250196
33.008587,31.016779
31.185193,30.022924
33.800864,31.126646
34.040887,31.191767
33.836369,31.07807
33.800864,31.126646
33.800864,31.126646
33.008587,31.016779
33.800864,31.126646
33.144189,30.460683
31.317676,29.854085
31.317676,29.854085
31.185193,30.022924
33.800864,31.126646
33.008587,31.016779
33.617577,30.608472
33.92375,31.154546
31.505061,31.095059
33.800864,31.126646
34.098481,31.210027
33.800864,31.126646
33.800864,31.126646
33.800864,31.126646
33.800864,31.126646
32.869948,31.012076
32.869948,31.012076
29.894987,31.18051
34.368583,30.666689
31.09818,29.080087
33.164097,30.443758
33.785693,30.4653
31.09818,29.080087
33.617577,30.59726
33.617577,30.59726
33.800864,31.126646
33.800864,31.126646
33.72472,31.116554
33.669514,31.100118
33.539045,30.437272
33.800864,31.126646
33.800864,31.126646
33.800864,31.126646
31.269641,30.135777
33.816765,31.077535
33.565095,31.072869
33.800864,31.126646
33.835745,31.090911
29.9634,27.992848
33.800864,31.126646
31.334314,30.084628
34.028861,30.653
34.117064,31.212225
34.068869,31.207882
33.800864,31.126646
33.800864,31.126646
33.381111,31.041389
33.800864,31.126646
31.317676,29.854085
30.76184,28.087097
33.803276,31.132093
33.203921,30.735961
33.035825,30.763144
33.785693,30.4653
33.785693,30.4653
34.241281,31.250196
31.185193,30.022924
31.334314,30.084628
31.334314,30.084628
34.241281,31.250196
33.800864,31.126646
31.216856,30.50156
27.938336,25.574242
31.109213,30.040487
31.334314,30.084628
33.800864,31.126646
31.334314,30.084628
33.617577,30.608472
31.185193,30.022924
33.05497,30.745047
34.117064,31.212225
34.241281,31.250196
33.800864,31.126646
34.241281,31.250196
33.350886,31.040109
32.610404,29.937901
33.350886,31.040109
33.800864,31.126646
34.117064,31.212225
31.185193,30.022924
34.106732,31.205106
33.800864,31.126646
33.618234,30.526326
33.429999,31.060634
33.554774,31.094981
33.605352,31.076016
33.676809,31.104881
33.842051,31.076136
33.72472,31.116554
33.72472,31.116554
33.800864,31.126646
33.800864,31.126646
33.800864,31.126646
33.72472,31.116554
32.989632,30.988216
33.599,31.077557
34.117064,31.212225
33.279033,30.997455
31.334314,30.084628
33.008587,31.016779
34.247173,30.996139
33.800864,31.126646
32.746646,30.930846
34.117064,31.212225
34.117064,31.212225
33.008587,31.016779
33.008587,31.016779
33.011588,31.017521
34.241281,31.250196
33.800864,31.126646
34.054046,31.160175
34.130211,31.156504
34.117064,31.212225
33.7438,30.74238
34.241281,31.250196
31.251656,30.327666
34.117064,31.212225
34.219659,31.295137
34.146268,31.082872
34.008556,31.186065
33.061683,30.987891
34.241281,31.250196
34.241281,31.250196
33.008587,31.016779
34.089213,31.111753
33.800864,31.126646
34.146268,31.082872
34.146268,31.082872
34.146268,31.082872
33.800864,31.126646
33.924767,31.14994
33.955927,31.163713
33.955927,31.163713
33.955927,31.163713
33.955927,31.163713
33.955927,31.163713
33.717454,30.65881
33.372944,28.892411
33.534691,30.624939
33.008587,31.016779
34.117064,31.212225
33.423484,30.414569
34.008556,31.186065
34.008556,31.186065
33.381687,30.706731
34.120689,31.211798
34.241281,31.250196
33.456283,30.686144
34.146268,31.082872
34.151037,31.211786
34.151037,31.211786
34.151037,31.211786
32.7763,30.9887
32.712679,30.942935
32.745955,30.95386
32.760293,30.988062
32.745955,30.95386
32.712679,30.942935
32.760293,30.988062
32.773866,30.954247
33.008587,31.016779
32.745955,30.95386
32.74731,30.972668
32.773866,30.954247
32.745955,30.95386
33.800864,31.126646
32.712679,30.942935
32.760293,30.988062
32.773866,30.954247
32.773866,30.954247
34.164167,31.156389
33.008587,31.016779
33.500833,31.0875
34.117064,31.212225
34.117064,31.212225
33.617577,30.282365
34.241281,31.250196
33.008587,31.016779
34.117064,31.212225
33.144189,30.460683
34.241281,31.250196
33.008587,31.016779
33.331268,30.676843
33.617577,30.282365
32.578233,30.920625
33.617577,30.282365
33.617577,30.282365
33.606244,30.462012